%SAFE,Home Page Header Level 1,Home Page Cat Boxes,Dropdown level 2,Dropdown Level 3,Misc 
$best_sellers,,,,,Best Sellers Home Page
$featured_list,,,,,Featured Home Page
$home_page___new_products,,,,,New Product Home Page
.beach-accessories.beach-bags-totes,Accessories,Beach Accessories,Beach Bags & Totes,,
.beach-accessories.beach-cart,Accessories,Beach Accessories,Beach Carts,,
.beach-accessories.picnic-backpack,Accessories,Beach Accessories,Picnic Backpacks,,
.beach-accessories.picnic-baskets,Accessories,Beach Accessories,Picnic Baskets,,
.beach-accessories.picnic-cooler,Accessories,Beach Accessories,Coolers,,
.beach-chair.adirondack-furniture,Beach Chairs,Beach Chairs,Adirondack,,
.beach-chair.backpack-chair,Beach Chairs,Beach Chairs,Backpack Chairs,,
.beach-chair.beach-chairs,Beach Chairs,Beach Chairs,Cup Holder Chairs,,
.beach-chair.beach-chaise,Beach Chairs,Beach Chairs,Beach Chaises,,
.beach-chair.beach-lounges,Beach Chairs,Beach Chairs,Beach & Pool Lounges,,
.beach-chair.beach-lounges.beach-recliner,Beach Chairs,Beach Chairs,Beach & Pool Lounges,Beach Lounges,
.beach-chair.beach-lounges.pool-floats,Beach Chairs,Beach Chairs,Beach & Pool Lounges,Pool Lounges,
.beach-chair.canopy-beach-chair,Beach Chairs,Beach Chairs,Canopy Beach Chairs,,
.beach-chair.folding-beach-chairs,Beach Chairs,Beach Chairs,Padded Beach Chairs,,
.beach-chair.heavy-beach-chairs,Beach Chairs,Beach Chairs,High Back Beach Chairs,,
.beach-chair.heavy-duty-beach-chairs,Beach Chairs,Beach Chairs,Large Beach Chairs,,
.beach-chair.high-beach-chair,Beach Chairs,Beach Chairs,High Seat Beach Chairs,,
.beach-chair.sand-chair,Beach Chairs,Beach Chairs,Low Seat Beach Chairs,,
.beach-chair.sand-chairs,Beach Chairs,Beach Chairs,Lay Flat Beach Chairs,,
.beach-chair.wooden-beach-chairs,Beach Chairs,Beach Chairs,Wooden Beach Chairs,,
.beach-chairs.beach-gear.beach-products,,Shop by Brand,Copa Sports,,
.beach-chairs.beach-gear.blueridge-lawn-chair,,Shop by Brand,Blueridge Chair,,
.beach-chairs.beach-gear.ergo-lounger-chaise,,Shop by Brand,Ergo Lounger,,
.beach-chairs.beach-gear.fiberbuilt-umbrellas,,Shop by Brand,FiberBuilt,,
.beach-chairs.beach-gear.frankford-umbrellas,,Shop by Brand,Frankford Umbrellas,,
.beach-chairs.beach-gear.galtech-umbrellas,,Shop by Brand,Galtech,,
.beach-chairs.beach-gear.green-corner-umbrellas,,Shop by Brand,Green Corner,,
.beach-chairs.beach-gear.kids-beachwear,,Shop by Brand,Snapper Rock,,
.beach-chairs.beach-gear.lafuma-chair-recliner,,Shop by Brand,Lafuma,,
.beach-chairs.beach-gear.ostrich-beach-chair-chaise,,Shop by Brand,Ostrich Chairs,,
.beach-chairs.beach-gear.picnic-ascot-accessories,,Shop by Brand,Picnic Ascot,,
.beach-chairs.beach-gear.picnic-plus-baskets,,Shop by Brand,Picnic Plus,,
.beach-chairs.beach-gear.picnic-time-backpacks,,Shop by Brand,Picnic Time,,
.beach-chairs.beach-gear.platypus,,Shop by Brand,Platypus,,
.beach-chairs.beach-gear.polywood-adirondack-chairs,,Shop by Brand,PolyWood,,
.beach-chairs.beach-gear.rio-beach-chair-umbrellas,,Shop by Brand,Rio Brands,,
.beach-chairs.beach-gear.shadebrella-umbrellas,,Shop by Brand,ShadeZilla,,
.beach-chairs.beach-gear.sun-tent,,Shop by Brand,Abo Gear,,
.beach-chairs.beach-gear.sutherland-baskets,,Shop by Brand,SolarGuard,,
.beach-chairs.beach-gear.swimwear-bathing-suits,,Shop by Brand,Wonder Wheeler,,
.beach-chairs.beach-gear.telescope-beach-chairs,,Shop by Brand,Telescope Casual,,
.beach-chairs.beach-gear.wearever-chairs,,Shop by Brand,WearEver Chairs,,
.beach-chairs.beach-gear.wheeleez-beach-carts,,Shop by Brand,Wheeleez,,
.beach-chairs.beach-gear.women-swimwear-bikinis,,Shop by Brand,Ujena Swimwear,,
.beach-sports.bodyboards,Recreation,Recreation,BodyBoards,,
.beach-sports.pool-floats,Recreation,Recreation,Pool Floats,,
.beach-sports.skimboards,Recreation,Recreation,SkimBoards,,
.beach-umbrellas-shelter.beach-cabana,Shelters,Umbrellas & Shelters,Beach Cabanas,,
.beach-umbrellas-shelter.beach-tent-shelters,Shelters,Umbrellas & Shelters,Beach Tents,,
.beach-umbrellas-shelter.beach-umbrella,Umbrellas,Umbrellas & Shelters,Beach Umbrellas,,
.beach-umbrellas-shelter.patio-umbrella,Umbrellas,Umbrellas & Shelters,Patio / Market Umbrellas,6 foot Umbrellas,
.beach-umbrellas-shelter.patio-umbrella.6-foot-patio-umbrellas,Umbrellas,Umbrellas & Shelters,Patio / Market Umbrellas,7 foot Umbrellas,
.beach-umbrellas-shelter.patio-umbrella.7-foot-patio-umbrellas,Umbrellas,Umbrellas & Shelters,Patio / Market Umbrellas,11 foot Umbrellas ,
.beach-umbrellas-shelter.patio-umbrella.market-umbrellas,Umbrellas,Umbrellas & Shelters,Patio / Market Umbrellas,9 foot Umbrellas ,
.beach-umbrellas-shelter.patio-umbrella.offset-umbrellas,Umbrellas,Umbrellas & Shelters,Patio / Market Umbrellas,,
.beach-umbrellas-shelter.umbrella-stand-stands-base,Umbrellas,Umbrellas & Shelters,Accessories,,
.beachwear.beach-hat.baby-hats,Beach Wear,Beach Wear,Baby Hats,,
.beachwear.beach-hat.kids-hats,Beach Wear,Beach Wear,Kids Hats,,
.beachwear.beach-swimwear.babies-swimsuit,Beach Wear,Beach Wear,Babies Swimwear,,
.beachwear.beach-swimwear.beach-wear.boys-swimwear,Beach Wear,Beach Wear,Boys Swimwear,,
.beachwear.beach-swimwear.beach-wear.girls-swimwear,Beach Wear,Beach Wear,Girls Swimwear,,
.beachwear.beach-swimwear.board-shorts.boys-boardshorts,Beach Wear,Beach Wear,Board Shorts,Boy Board Shorts,
.beachwear.beach-swimwear.board-shorts.girls-board-shorts,Beach Wear,Beach Wear,Board Shorts,Girls Board Shorts,
.beachwear.beach-swimwear.board-shorts.kids,Beach Wear,Beach Wear,Board Shorts,Kids Board Shorts,
.beachwear.beach-swimwear.kids-swimsuit,Beach Wear,Beach Wear,Kids Swim Wear,,
.beachwear.beach-swimwear.rashguard.girls-rash-guard,Beach Wear,Beach Wear,Rashguard,Girls Rash Guards,
.beachwear.beach-swimwear.rashguard.kids-rash-guard,Beach Wear,Beach Wear,Rashguard,Kids / Baby Rash Guards,
.beachwear.beach-swimwear.rashguard.rashguards,Beach Wear,Beach Wear,Rashguard,Boys Rash Guards,
.beachwear.sun-dresses-women,Beach Wear,Beach Wear,Womens Sundresses,,
.beachwear.sun-dresses-women.beach-dresses,Beach Wear,Beach Wear,Womens Sundresses,Casual,
.beachwear.sun-dresses-women.body-slimming,Beach Wear,Beach Wear,Womens Sundresses,Body Slimming,
.beachwear.sun-dresses-women.evening,Beach Wear,Beach Wear,Womens Sundresses,Evening,
.beachwear.swimwear-women.bathing-suits,Beach Wear,Beach Wear,Women Swimwear,Monokinis,
.beachwear.swimwear-women.bikini-two-piece,Beach Wear,Beach Wear,Women Swimwear,Two Piece Bikinis,
.beachwear.swimwear-women.cover-ups,Beach Wear,Beach Wear,Women Swimwear,Cover ups,
.beachwear.swimwear-women.monokinis-tankinis,Beach Wear,Beach Wear,Women Swimwear,Tankinis,
.beachwear.swimwear-women.one-piece-swimsuits,Beach Wear,Beach Wear,Women Swimwear,One Piece,
.beachwear.swimwear-women.plus-size-swimsuits,Beach Wear,Beach Wear,Women Swimwear,Plus Size,
.buyer_guides.adirondack-chairs,,,,,
.buyer_guides.backpack-beach-chairs,,,,,
.buyer_guides.beach-bags-beach-totes,,,,,
.buyer_guides.beach-cabanas,,,,,
.buyer_guides.beach-carts,,,,,
.buyer_guides.beach-chairs,,,,,
.buyer_guides.beach-tents,,,,,
.buyer_guides.beach-umbrellas,,,,,
.buyer_guides.beach-wear,,,,,
.buyer_guides.bodyboards-body-board,,,,,
.buyer_guides.lafuma-chairs-recliners,,,,,
.buyer_guides.market-umbrellas,,,,,
.buyer_guides.outdoor-umbrellas,,,,,
.buyer_guides.picnic-backpacks,,,,,
.buyer_guides.picnic-baskets,,,,,
.buyer_guides.picnic-blankets,,,,,
.buyer_guides.picnic-cooler-beach-coolers,,,,,
.buyer_guides.skimboards-skim-board,,,,,
.buyer_guides.umbrella-stands-bases,,,,,
